{"cameraMode":{"drawMode":0,"name":"Shaded","section":"Shading Mode"},"sceneLighting":false,"audioPlay":false,"sceneViewState":{"showFog":true,"showMaterialUpdate":false,"showSkybox":false,"showFlares":true,"showImageEffects":true,"showParticleSystems":true},"in2DMode":false,"pivot":{"x":-1.6009957790374756,"y":0.7512779235839844,"z":1.0099999904632569},"rotation":{"x":-0.20039604604244233,"y":-0.08511563390493393,"z":0.01739208586513996,"w":-0.9759610295295715},"size":1.5008151531219483,"orthographic":false}