{"cameraMode":{"drawMode":0,"name":"Shaded","section":"Shading Mode"},"sceneLighting":false,"audioPlay":false,"sceneViewState":{"showFog":true,"showMaterialUpdate":false,"showSkybox":false,"showFlares":true,"showImageEffects":true,"showParticleSystems":true},"in2DMode":false,"pivot":{"x":-3.853287696838379,"y":0.5792450904846191,"z":-8.272255897521973},"rotation":{"x":0.40302151441574099,"y":-0.14292167127132417,"z":0.0639195591211319,"w":0.9017410278320313},"size":1.8008155822753907,"orthographic":false}